{"cameraMode":{"drawMode":0,"name":"Shaded","section":"Shading Mode"},"sceneLighting":true,"audioPlay":false,"sceneViewState":{"m_AlwaysRefresh":false,"showFog":true,"showSkybox":true,"showFlares":true,"showImageEffects":true,"showParticleSystems":true,"showVisualEffectGraphs":true,"m_FxEnabled":true},"in2DMode":false,"pivot":{"x":120.73001861572266,"y":1.1960982084274293,"z":16.24350929260254},"rotation":{"x":0.029391653835773469,"y":0.0134934913367033,"z":-0.0003929040103685111,"w":0.9994817972183228},"size":10.058985710144043,"orthographic":false}