{"cameraMode":{"drawMode":0,"name":"Shaded","section":"Shading Mode"},"sceneLighting":false,"audioPlay":false,"sceneViewState":{"m_AlwaysRefresh":false,"showFog":true,"showSkybox":true,"showFlares":true,"showImageEffects":true,"showParticleSystems":true,"showVisualEffectGraphs":true,"m_FxEnabled":true},"in2DMode":false,"pivot":{"x":118.25147247314453,"y":0.20000000298023225,"z":2.466090202331543},"rotation":{"x":-0.19690193235874177,"y":0.03293278440833092,"z":-0.006618720479309559,"w":-0.9798522591590881},"size":470.3868713378906,"orthographic":false}